{"frame_number": 134572, "rewards": [0, 0, 0, 0, 0, 0, 0, 0, 0, 0, 0, 0, 0, 0, 0, 0, 0, 0, 0, 0, 0, 0, 0, 0, 0, 0, 0, 0, 0, 0, 0, 0, 0, 0, 0, 0, 0, 0, 0, 0, 0, 0, 0, 0, 0, 0, 0, 0, 0, 0, 0, 0, 0, 0, 0, 0, 0, 0, 0, 0, 0, 0, 0, 0, 5.0, 30.0, 10.0, 20.0, 25.0, 50.0, 20.0, 10.0, 15.0, 30.0, 35.0, 25.0, 15.0, 35.0, 30.0, 10.0, 25.0, 25.0, 35.0, 35.0, 5.0, 50.0, 15.0, 25.0, 5.0, 25.0, 5.0, 10.0, 35.0, 25.0, 20.0, 35.0, 15.0, 15.0, 5.0, 25.0, 30.0, 5.0, 20.0, 25.0, 25.0, 30.0, 45.0, 20.0, 35.0, 10.0, 20.0, 30.0, 35.0, 40.0, 20.0, 20.0, 0.0, 5.0, 30.0, 20.0, 25.0, 10.0, 25.0, 25.0, 25.0, 30.0, 30.0, 20.0, 10.0, 50.0, 15.0, 10.0, 20.0, 20.0, 45.0, 15.0, 40.0, 25.0, 15.0, 30.0, 10.0, 25.0, 25.0, 25.0, 35.0, 25.0, 35.0, 10.0, 30.0, 10.0, 10.0, 15.0, 20.0, 25.0, 30.0, 15.0, 15.0, 15.0, 40.0, 15.0, 30.0, 40.0, 25.0, 10.0, 10.0, 20.0, 40.0, 10.0, 15.0], "loss_tail": [0.058581069111824036, 0.03571607172489166, 0.020772021263837814, 0.04487748444080353, 0.051286160945892334, 0.019095513969659805, 0.04947464540600777, 0.029500944539904594, 0.05001000314950943, 0.015193738974630833, 0.028563037514686584, 0.020509151741862297, 0.1233479231595993, 0.018827419728040695, 0.016207199543714523, 0.019455384463071823, 0.15403488278388977, 0.015440335497260094, 0.0289452001452446, 0.032301969826221466, 0.03627774119377136, 0.026202356442809105, 0.07377955317497253, 0.0258199293166399, 0.1976826786994934, 0.01578889787197113, 0.021380549296736717, 0.08960743993520737, 0.10285584628582001, 0.030754923820495605, 0.023849934339523315, 0.027944320812821388, 0.10869262367486954, 0.03176894038915634, 0.0310122799128294, 0.01703118160367012, 0.12116634845733643, 0.03121696412563324, 0.01926148496568203, 0.017796490341424942, 0.016578447073698044, 0.04030333831906319, 0.018254389986395836, 0.03473005071282387, 0.14237521588802338, 0.01859423518180847, 0.11966444551944733, 0.04499203339219093, 0.015805672854185104, 0.24380627274513245, 0.015523383393883705, 0.019607216119766235, 0.06861013174057007, 0.15650491416454315, 0.015957456082105637, 0.01956813782453537, 0.10342404991388321, 0.1218070238828659, 0.0594828762114048, 0.02719344012439251, 0.01590729132294655, 0.011733017861843109, 0.014181546866893768, 0.026700619608163834, 0.14108368754386902, 0.07947995513677597, 0.016551395878195763, 0.13169245421886444, 0.014584390446543694, 0.02006010338664055, 0.05565682053565979, 0.010768579319119453, 0.04810885712504387, 0.018130892887711525, 0.061589259654283524, 0.011580586433410645, 0.017298204824328423, 0.011610751040279865, 0.019365601241588593, 0.017669443041086197, 0.10227028280496597, 0.02763133868575096, 0.02478521689772606, 0.22779464721679688, 0.07447703182697296, 0.19765278697013855, 0.02893385849893093, 0.11116283386945724, 0.011284986510872841, 0.010783636942505836, 0.013249634765088558, 0.06942256540060043, 0.021776743233203888, 0.021320393308997154, 0.021932534873485565, 0.06549207121133804, 0.028761278837919235, 0.013590555638074875, 0.03044740855693817, 0.030139988288283348, 0.11237777769565582, 0.01079252827912569, 0.012343306094408035, 0.09856748580932617, 0.018048986792564392, 0.017879584804177284, 0.01597588136792183, 0.14555087685585022, 0.013167119584977627, 0.013813121244311333, 0.015854209661483765, 0.007168254815042019, 0.021677177399396896, 0.14384031295776367, 0.011732980608940125, 0.014397856779396534, 0.01584966853260994, 0.009197916835546494, 0.013201478868722916, 0.03170575574040413, 0.018919402733445168, 0.011272162199020386, 0.11913479119539261, 0.09867948293685913, 0.024690773338079453, 0.01221545971930027, 0.019241396337747574, 0.06472231447696686, 0.09657585620880127, 0.030686570331454277, 0.031539976596832275, 0.029872169718146324, 0.04115118086338043, 0.07828681915998459, 0.021533705294132233, 0.04313136264681816, 0.04544155299663544, 0.11165868490934372, 0.06531884521245956, 0.025805899873375893, 0.03456294536590576, 0.15796130895614624, 0.017160644754767418, 0.018684053793549538, 0.036027953028678894, 0.03212250769138336, 0.03331395238637924, 0.011862525716423988, 0.028229564428329468, 0.04414144903421402, 0.01423150859773159, 0.03521040827035904, 0.1646929532289505, 0.1587989330291748, 0.027693292126059532, 0.027769289910793304, 0.06870497763156891, 0.02421346679329872, 0.11702609062194824, 0.01795395463705063, 0.02908524125814438, 0.03615543991327286, 0.14298690855503082, 0.017156656831502914, 0.01655115745961666, 0.03875017166137695, 0.01856708526611328, 0.018817398697137833, 0.011906738393008709, 0.016677461564540863, 0.09180058538913727, 0.13822227716445923, 0.044547051191329956, 0.04411415010690689, 0.025924794375896454, 0.016452550888061523, 0.023727111518383026, 0.021394461393356323, 0.012559698894619942, 0.01573510468006134, 0.03597016632556915, 0.022831179201602936, 0.02154853381216526, 0.014669938012957573, 0.01966669410467148, 0.15002217888832092, 0.05024103820323944, 0.01984865590929985, 0.021529922261834145, 0.18539515137672424, 0.026336759328842163, 0.015484576113522053, 0.15124501287937164, 0.0949922651052475, 0.1018894761800766, 0.017610516399145126, 0.04498039186000824, 0.09990060329437256, 0.029173027724027634, 0.026773158460855484], "dfa_states": [1]}